7010,Bank of Ceylon
7038,Standard Chartered Bank
7047,Citi bank N. A.
7056,Commercial Bank Of Ceylon PLC
7074,Habib Bank Limited
7083,Hatton National Bank PLC
7092,Hongkong and Shanghai Banking Corporation
7108,Indian Bank
7117,Indian Overseas Bank
7135,People's Bank
7144,State Bank of India
7162,Nations Trust Bank PLC
7205,Deutsche Bank AG
7214,National Development Bank PLC
7269,MCB Bank Limited
7278,Sampath Bank PLC
7287,Seylan Bank PLC
7296,Public Bank Berhad
7302,Union Bank Of Colombo PLC
7311,Pan Asia Banking Corporation PLC
7454,DFCC Bank PLC
7463,Amana Bank PLC
7481,Cargills Bank Limited
7603,Softologic Finance PLC
7612,Polgahawela Co-operative Regional Rural Bank
7630,Singer Finance (Lanka) PLC
7658,Lanka Credit and Business Finance PLC
7667,CBC Finance Limited
7676,Asia Asset Finance PLC
7700,Bank of China Limited
7719,National Savings Bank
7728,SANASA Development Bank Ltd
7737,HDFC Bank
7746,Citizen Development Business Finance PLC
7755,Regional Development Bank
7764,State Mortgage and Investment Bank
7773,L B Finance PLC
7782,Senkadagala Finance PLC
7816,Vallibel Finance PLC
7825,Central Finance PLC
7834,Kanrich Finance Limited
7852,Alliance Finance Company PLC
7861,LOLC Finance PLC
7889,Richard Pieris Finance Limited
7898,Merchant Bank of Sri Lanka & Finance PLC
7904,HNB Finance PLC
7913,Mercantile Investments And Finance PLC
7922,People Leasing & Finance PLC
7931,Sarvodhaya Development Finance Limited
7940,Fintrex Finance Limited
7959,Bimputh Finance PLC
7968,Siyapatha Finance PLC
7977,LOLC Development Finance PLC
7995,Dialog Finance PLC
8004,Central Bank of Sri Lanka
4649,Global Payments Asia Pacific Lanka
